User_id,Password,Role
claire.scott@sjsu.edu,ktiqzm{8=,professor
jasmine.johnson@sjsu.edu,ri{uqvm88H;,professor
amy.robinson@sjsu.edu,iu88+=,professor
gary.young@sjsu.edu,w}voA=),professor
ivan.vargas@sjsu.edu,~izoi{H@,professor
riley.reed@sjsu.edu,zqtmAA+?,professor
serena.jackson@sjsu.edu,[riks{wvA?,professor
kaitlyn.romero@sjsu.edu,siq|tvz89,professor
paul.crawford@sjsu.edu,XkzinwzlA>,professor
christopher.stephens@sjsu.edu,{|mxpmv{H;,professor
joseph.webb@sjsu.edu,rw{mxpA@,student
ricardo.chen@sjsu.edu,kpmvA=),professor
brooke.garcia@sjsu.edu,oizkqi8:),professor
fatima.barnes@sjsu.edu,Njizvm{8:,professor
javier.cox@sjsu.edu,ri~qmz8<+<,professor
kim.berg@sjsu.edu,jmzo+?,professor
ava.nguyen@sjsu.edu,Ivo}mvA>,professor
jonathan.burns@sjsu.edu,j}zv{8;),professor
peter.alvarez@sjsu.edu,xm|mziA@,professor
scott.perez@sjsu.edu,xmzmA>),professor
luis.park@sjsu.edu,TxizsAA,professor
morgan.ward@sjsu.edu,UizlA?,professor
elena.gordon@sjsu.edu,MowzlwvA>,professor
john.coleman@sjsu.edu,kwtmuiv89),professor
leslie.warren@sjsu.edu,tm{tqm8;+?,professor
teresa.ahmed@sjsu.edu,|mzm{ii89,professor
garrett.king@sjsu.edu,oizzm||AAH@,professor
paula.zimmerman@sjsu.edu,xi}tiA>+?,professor
samantha.miller@sjsu.edu,uqttmz)A,professor
jeremy.snyder@sjsu.edu,{vlmz8;),professor
zoe.spencer@sjsu.edu,{xmvkmzA@),professor
diana.jenkins@sjsu.edu,lqivirA?,professor
erica.gomez@sjsu.edu,Mowum89,professor
vincent.bryant@sjsu.edu,jziv|):,professor
andrea.turner@sjsu.edu,|}zvmz88),professor
matt.grant@sjsu.edu,ui||oA=,professor
ian.boyd@sjsu.edu,qivj8<,professor
brian.henderson@sjsu.edu,Jpmvlmz{wv8:,professor
sharon.shaw@sjsu.edu,{pizwv{A=,professor
jake.edwards@sjsu.edu,Rmlizl{A=,professor
kevin.mills@sjsu.edu,uqtt{A=),professor
ana.patel@sjsu.edu,Ixi|mt8<,professor
steven.sanchez@sjsu.edu,{|m~mv{8<,professor
cameron.perry@sjsu.edu,xmzzA@),professor
christina.fisher@sjsu.edu,Knq{pmzA=,professor
sofia.wilson@sjsu.edu,[qt{wv8:,professor
isabella.smith@sjsu.edu,{uq|p8;),professor
greg.rodriguez@sjsu.edu,ozmoz88,professor
alexis.pierce@sjsu.edu,xqmzkmA?),professor
sierra.kennedy@sjsu.edu,smvvml8;),professor
sofia.patel@sjsu.edu,[xi|mt8:,student
andrea.kennedy@sjsu.edu,IsmvvmlA=,student
carmen.singh@sjsu.edu,kizumv{88,student
jake.bryant@sjsu.edu,jziv|A?),student
tiffany.richardson@sjsu.edu,|qnnivz88,student
jamie.pierce@sjsu.edu,RxqmzkmA=,student
aiden.spencer@sjsu.edu,{xmvkmz8;),student
charlotte.turner@sjsu.edu,|}zvmz+<,student
dillon.mcdonald@sjsu.edu,uklwvitlH;,student
kaitlyn.boyd@sjsu.edu,siq|tvj8:,student
miranda.ahmed@sjsu.edu,ipuml)>,student
erica.gardner@sjsu.edu,oizlvmzA@),student
cynthia.walsh@sjsu.edu,Kit{p8:,student
rosa.kennedy@sjsu.edu,smvvml+=,student
jordan.reed@sjsu.edu,zmmlA=),student
molly.ortiz@sjsu.edu,uwttA?+=,student
julian.james@sjsu.edu,rium{A>),student
crystal.morgan@sjsu.edu,uwzoiv+<,student
dominic.sanders@sjsu.edu,{ivlmz{A@),student
crystal.collins@sjsu.edu,Kkwttqv{A>,student
sarah.perez@sjsu.edu,[xmzm8;,student
juliana.graham@sjsu.edu,ozipiuAA),student
chanel.cooper@sjsu.edu,kpivmt88)>,student
claire.gomez@sjsu.edu,owumA@),student
charles.barnes@sjsu.edu,jizvm{H@,student
chad.baker@sjsu.edu,kpilA>+=,student
abby.gordon@sjsu.edu,owzlwvH@,student
sean.aguilar@sjsu.edu,io}qtiz):,student
jennifer.pierce@sjsu.edu,xqmzkmA?),student
catherine.owens@sjsu.edu,Kwmv{AA,student
chelsea.davis@sjsu.edu,Kli~q{8:,student
christopher.perry@sjsu.edu,kpzq{|wxpmzAA)>,student
eric.jones@sjsu.edu,rwvm{A>),student
ian.zimmerman@sjsu.edu,qivA?,student
evelyn.scott@sjsu.edu,M{kw||A=,student
isaiah.wilson@sjsu.edu,q{iqipA@H;,student
elizabeth.grant@sjsu.edu,mtqijm|p8;+?,student
jennifer.maxwell@sjsu.edu,rmvvqnmz8:H;,student
andre.edwards@sjsu.edu,Imlizl{8:,student
hayley.evans@sjsu.edu,m~iv{AA),student
fatima.pierce@sjsu.edu,Nxqmzkm8<,student
nicole.walsh@sjsu.edu,vqkwtm8;,student
kate.lewis@sjsu.edu,si|m8<):,student
carlos.thomas@sjsu.edu,K|pwui{89,student
steven.mcdonald@sjsu.edu,uklwvitlA>),student
miles.bryant@sjsu.edu,uqtm{AAH;,student
mike.taylor@sjsu.edu,U|itwzA>,student
jeff.richardson@sjsu.edu,zqkpizl{wv)A,student
kevin.martinez@sjsu.edu,Suiz|qvm8:,student
fernando.cox@sjsu.edu,nmzvivlwkA?,student
aiden.martin@sjsu.edu,uiz|qv8;),student
arjun.ryan@sjsu.edu,ziv):,student
leslie.adams@sjsu.edu,Tiliu{AA,student
jasmine.stephens@sjsu.edu,ri{uqvmA@)A,student
jack.sutton@sjsu.edu,{}||wv8;),student
dean.stewart@sjsu.edu,{|miz|)A,student
andrea.walsh@sjsu.edu,ivlzmi8:,student
megan.moore@sjsu.edu,uwwzm):,student
katherine.peterson@sjsu.edu,Sxm|mz{wv8;,student
monica.green@sjsu.edu,ozmmv89),student
molly.mendoza@sjsu.edu,umvlwi8;),student
ali.warren@sjsu.edu,Iizzmv8:,student
ayasha.nguyen@sjsu.edu,Ivo}mvA@,student
michael.hill@sjsu.edu,pqtt8<),student
holly.lewis@sjsu.edu,Ptmq{AA,student
cynthia.little@sjsu.edu,tq||tm8;),student
daniela.thompson@sjsu.edu,livqmti|A>,student
claudia.porter@sjsu.edu,kti}lqiA=+=,student
hunter.taylor@sjsu.edu,p}v|mz8;+=,student
daisy.edwards@sjsu.edu,Lmlizl{8:,student
thomas.nelson@sjsu.edu,vmt{wvA=),student
zachary.nguyen@sjsu.edu,ikpizv8;,student
chanel.dixon@sjsu.edu,Klqwv88,student
timothy.bailey@sjsu.edu,\jiqtm88,student
karen.nichols@sjsu.edu,sizmvvA@,student
kaitlyn.thomas@sjsu.edu,|pwui{A=),student
ali.fisher@sjsu.edu,nq{pmz8<),student
caroline.gomez@sjsu.edu,owumH;,student
reina.burns@sjsu.edu,zmqviA>):,student
shelby.cook@sjsu.edu,kwws89),student
sharon.lewis@sjsu.edu,{pizwvAA+?,student
miles.mccarthy@sjsu.edu,uqtm{u8:,student
omar.cruz@sjsu.edu,kz}8;),student
jacob.murphy@sjsu.edu,u}zxp+<,student
charlotte.arnold@sjsu.edu,kpiztw||mi8:,student
hailey.spencer@sjsu.edu,{xmvkmzAA),student
yasmine.wells@sjsu.edu,amtt{88,student
lauren.williams@sjsu.edu,qttqiu{)>,student
vanessa.ferguson@sjsu.edu,~ivm{{i89):,student
zoe.campbell@sjsu.edu,wm8;)A,student
sydney.boyd@sjsu.edu,jwl8;),student
gary.alvarez@sjsu.edu,oizA>):,student
angel.jackson@sjsu.edu,ivomtA=H;,student
leon.hamilton@sjsu.edu,tmwv8<)A,student
philip.crawford@sjsu.edu,kzinwzlA=),student
heather.fox@sjsu.edu,pmi|pmznA@,student
brandon.sutton@sjsu.edu,{}||wv+<,student
diana.cooper@sjsu.edu,LkwwxmzA?,student
paula.kaur@sjsu.edu,si}z8:),student
hassan.baker@sjsu.edu,pi{{ivj8;,student
victor.snyder@sjsu.edu,{vlmz+?,student
spencer.carter@sjsu.edu,{xmvkmz8:+<,student
claire.harris@sjsu.edu,pizzq{)>,student
harley.hall@sjsu.edu,piztmA@+<,student
leah.singh@sjsu.edu,tmip{A@,student
christine.stone@sjsu.edu,kpzq{|qvm{8;,student
brooke.jones@sjsu.edu,rwvm{)>,student
sandra.mills@sjsu.edu,uqtt{A>),student
daisy.collins@sjsu.edu,kwttqv{89),student
wesley.lee@sjsu.edu,_tmm8<,student
daniel.mendoza@sjsu.edu,livqmtu8;,student
violet.ahmed@sjsu.edu,^ipuml8<,student
peter.west@sjsu.edu,xm|mzA?,student
robin.morgan@sjsu.edu,uwzoiv88),student
elena.williams@sjsu.edu,qttqiu{H@,student
jonathan.kim@sjsu.edu,rwvi|pivsAA,student
peter.howard@sjsu.edu,pwizl+?,student
alexis.freeman@sjsu.edu,InzmmuivA@,student
rosa.mason@sjsu.edu,zw{iu8<,student
rosa.maxwell@sjsu.edu,zw{iu8:,student
marcus.bell@sjsu.edu,Ujmtt8<,student
richard.ortega@sjsu.edu,Zwz|moi89,student
brooke.webb@sjsu.edu,mjj88),student
grant.ward@sjsu.edu,oziv|8;,student
james.brooks@sjsu.edu,Rjzwws{8;,student
isabel.vasquez@sjsu.edu,q{ijmt88+<,student
vanessa.henderson@sjsu.edu,pmvlmz{wvA>),student
tina.stone@sjsu.edu,{|wvm8:),student
scott.reynolds@sjsu.edu,[zmvwtl{A>,student
greg.medina@sjsu.edu,umlqvi8<),student
henry.cooper@sjsu.edu,pmvzkA>,student
kayla.reed@sjsu.edu,sitiA@+?,student
jayden.rodriguez@sjsu.edu,rilmvz8;,student
victor.hayes@sjsu.edu,~qk|wzA>):,student
leon.lane@sjsu.edu,tmwvtA=,student
andrea.murphy@sjsu.edu,u}zxp8;),student
serena.hawkins@sjsu.edu,{mzmvi89)A,student
christopher.kennedy@sjsu.edu,kpzq{|wxpmzA@+=,student
yasmine.nguyen@sjsu.edu,i{uqvmA@H@,student
rebecca.little@sjsu.edu,zmjmkkitA?,student
jade.harrison@sjsu.edu,pizzq{wvA@),student
leah.gardner@sjsu.edu,oizlvmz)>,student
reina.clark@sjsu.edu,ZktizsA=,student
todd.cook@sjsu.edu,|wllkA?,student
mike.parker@sjsu.edu,UxizsmzA=,student
leon.ellis@sjsu.edu,tmwv89H;,student
gregory.bell@sjsu.edu,OjmttA>,student
jessica.snyder@sjsu.edu,rm{{qkiA?)>,student
gabriel.little@sjsu.edu,oijzqmt8:+<,student
justin.campbell@sjsu.edu,kiuxjmttA=),student
nora.medina@sjsu.edu,umlqviAA),student
elena.lopez@sjsu.edu,twxm8:),student
fernando.reyes@sjsu.edu,zmm{8:),student
sierra.wilson@sjsu.edu,[qt{wvA?,student
sean.alvarez@sjsu.edu,it~izmH;,student
peter.ortega@sjsu.edu,Xwz|moiAA,student
gavin.brown@sjsu.edu,jzwvAA),student
david.black@sjsu.edu,jtiksA>),student
jasmine.holmes@sjsu.edu,ri{uqvmAAH;,student
gabriela.palmer@sjsu.edu,xitumz+?,student
hailey.martin@sjsu.edu,piqtmuA@,student
karen.owens@sjsu.edu,wmv{+=,student
mary.young@sjsu.edu,w}voH@,student
trevor.stevens@sjsu.edu,{|m~mv{8<),student
leah.jimenez@sjsu.edu,tmip8:H;,student
sophia.carter@sjsu.edu,[kiz|mz89,student
kelly.roberts@sjsu.edu,smttA?+?,student
crystal.kelly@sjsu.edu,kz{|itA>)A,student
colin.reynolds@sjsu.edu,zmvwtl{)>,student
jack.ferguson@sjsu.edu,riksnA?,student
chad.murray@sjsu.edu,u}zziH@,student
alexis.hawkins@sjsu.edu,pisqv{AA),student
emma.price@sjsu.edu,xzqkm+=,student
kevin.stewart@sjsu.edu,sm~qv8;+?,student
ivan.ferguson@sjsu.edu,Qnmzo}{wvA@,student
luna.rogers@sjsu.edu,zwomz{+?,student
nicholas.richardson@sjsu.edu,vqkpwti{zA>,student
ricardo.andrews@sjsu.edu,ivlzm{89),student
derek.cunningham@sjsu.edu,k}vvqvopiu+?,student
melissa.cook@sjsu.edu,kwwsA>),student
leah.robinson@sjsu.edu,zwjqv{wv8;),student
zoe.thompson@sjsu.edu,wm|A=,student
cynthia.wells@sjsu.edu,kv|pqiA?)>,student
jordan.hayes@sjsu.edu,pim{):,student
ricardo.gardner@sjsu.edu,oizlvmz8;),student
jeff.coleman@sjsu.edu,rmnnkA=,student
shannon.garcia@sjsu.edu,{pivvwvo8;,student
aaron.parker@sjsu.edu,iizwv89+?,student
karen.scott@sjsu.edu,{kw||+=,student
madison.garcia@sjsu.edu,oizkqi88),student
laura.stevens@sjsu.edu,T{|m~mv{8;,student
madison.hamilton@sjsu.edu,piuqt|wvA@),student
isabel.bennett@sjsu.edu,q{ijmt88)>,student
austin.harrison@sjsu.edu,pizzq{wv)A,student
leslie.berg@sjsu.edu,jmzo)>,student
sophia.jenkins@sjsu.edu,rmvsqv{8<),student
nathaniel.gonzalez@sjsu.edu,VowvitmAA,student
maya.ellis@sjsu.edu,mttq{H;,student
robin.torres@sjsu.edu,zwjqv|8;,student
blake.sutton@sjsu.edu,{}||wv)>,student
fernando.brown@sjsu.edu,jzwvH;,student
lily.black@sjsu.edu,Tjtiks8:,student
dillon.hughes@sjsu.edu,Lp}opm{8:,student
kristen.jordan@sjsu.edu,Srwzliv8;,student
isaiah.gray@sjsu.edu,oziH@,student
justin.nelson@sjsu.edu,r}{|qvv8:,student
nadia.henderson@sjsu.edu,vilqip89,student
grace.nelson@sjsu.edu,vmt{wvH@,student
shelby.jimenez@sjsu.edu,{pmtjrA>,student
joel.patel@sjsu.edu,Rxi|mt8:,student
aiden.aguilar@sjsu.edu,Iio}qtiz89,student
paula.bishop@sjsu.edu,xi}tij8:,student
miranda.bryant@sjsu.edu,jziv|A?),student
sierra.lee@sjsu.edu,tmm+=,student
dylan.stanley@sjsu.edu,ltiv{8:,student
heather.rogers@sjsu.edu,zwomz{):,student
paul.peterson@sjsu.edu,xm|mz{wv+<,student
kevin.singh@sjsu.edu,sm~qv{8:,student
brianna.castillo@sjsu.edu,ki{|qttwA=),student
harley.kim@sjsu.edu,PsquA@,student
robert.porter@sjsu.edu,zwjmz|xA>,student
ivan.gonzalez@sjsu.edu,q~ivo8;,student
dawn.morris@sjsu.edu,livu8<,student
austin.dixon@sjsu.edu,Ilqwv8:,student
nathaniel.rivera@sjsu.edu,zq~mzi)>,student
juliana.lane@sjsu.edu,r}tqiviA>):,student
eric.turner@sjsu.edu,M|}zvmz88,student
ana.ellis@sjsu.edu,ivim8<,student
crystal.hill@sjsu.edu,kz{|itpA@,student
isabella.johnson@sjsu.edu,rwpv{wvAA),student
courtney.murphy@sjsu.edu,Ku}zxpA>,student
josh.gray@sjsu.edu,ozi89),student
maria.gutierrez@sjsu.edu,Uo}|qmzzmA?,student
morgan.matthews@sjsu.edu,uwzoivu8:,student
erica.garcia@sjsu.edu,oizkqiH@,student
ian.wilson@sjsu.edu,Qqt{wvAA,student
richard.vargas@sjsu.edu,zqkpizlA=H;,student
zoe.lawrence@sjsu.edu,wmtA@,student
jacob.hill@sjsu.edu,pqtt88),student
evelyn.foster@sjsu.edu,m~mtv8:+=,student
stephanie.spencer@sjsu.edu,{|mxpivqm88)A,student
mark.hunter@sjsu.edu,uizsA@)>,student
angela.andrews@sjsu.edu,ivlzm{A=),student
cole.stone@sjsu.edu,K{|wvmA@,student
philip.mccarthy@sjsu.edu,xpqtqxu88,student
sarah.walsh@sjsu.edu,[it{p89,student
luis.lee@sjsu.edu,TtmmAA,student
mike.perry@sjsu.edu,UxmzzA@,student
ethan.kaur@sjsu.edu,si}zA@),student
brian.graham@sjsu.edu,ozipiuA?),student
alisha.griffin@sjsu.edu,ozqnnqv8;),student
gary.grant@sjsu.edu,Ooziv|8<,student
joseph.jordan@sjsu.edu,rw{mxpAA)>,student
elizabeth.mckinney@sjsu.edu,mtqijm|pA>)>,student
brenda.knight@sjsu.edu,jzmvli88)>,student
dylan.diaz@sjsu.edu,lqi+?,student
gabriela.russell@sjsu.edu,z}{{mttAA),student
karen.jordan@sjsu.edu,rwzliv+?,student
sebastian.mccarthy@sjsu.edu,ukkiz|p)A,student
charles.hunter@sjsu.edu,Kp}v|mz8:,student
kelly.lane@sjsu.edu,tivm8<),student
rebecca.flores@sjsu.edu,ntwzm{H;,student
alexis.harrison@sjsu.edu,itmq{pA>,student
dawn.rogers@sjsu.edu,zwomz{H@,student
leah.cole@sjsu.edu,kwtmH;,student
michael.johnson@sjsu.edu,rwpv{wv8:),student
liam.lee@sjsu.edu,Ttmm89,student
zachary.bennett@sjsu.edu,ikpizA@+?,student
liam.sanders@sjsu.edu,tqiu{AA,student
sydney.green@sjsu.edu,ozmmv+=,student
ayasha.stewart@sjsu.edu,{|miz|+=,student
grant.berg@sjsu.edu,oziv|88)A,student
cole.gonzalez@sjsu.edu,kwtmoA>,student
gabriel.owens@sjsu.edu,wmv{+=,student
john.romero@sjsu.edu,rwpvA>):,student
spencer.hunt@sjsu.edu,p}v|A@),student
vincent.carter@sjsu.edu,kiz|mz8:),student
garrett.wright@sjsu.edu,zqop|)A,student
courtney.cunningham@sjsu.edu,k}vvqvopiu)A,student
luis.rivera@sjsu.edu,Tzq~mziAA,student
casey.stephens@sjsu.edu,ki{m{89,student
javier.pierce@sjsu.edu,xqmzkm)>,student
tyler.park@sjsu.edu,|tmz88):,student
leo.jackson@sjsu.edu,riks{wvA@),student
cameron.flores@sjsu.edu,ntwzm{A?),student
alexis.park@sjsu.edu,itmq{x88,student
jack.grant@sjsu.edu,oziv|)>,student
kim.adams@sjsu.edu,squ8<+=,student
jennifer.rodriguez@sjsu.edu,Rzwlzqo}mA@,student
valeria.cooper@sjsu.edu,kwwxmz):,student
casey.hunter@sjsu.edu,p}v|mzA?),student
wesley.mills@sjsu.edu,_uqtt{89,student
ricardo.cunningham@sjsu.edu,Zk}vvqvopiu88,student
michelle.hunt@sjsu.edu,p}v|A?),student
victoria.evans@sjsu.edu,^m~iv{AA,student
vanessa.gonzalez@sjsu.edu,~ivm{{ioA>,student
gavin.romero@sjsu.edu,zwumzw8<),student
tina.alvarez@sjsu.edu,\it~izmA?,student
sierra.hughes@sjsu.edu,p}opm{8<),student
jordan.smith@sjsu.edu,rwzliv{8;,student
marcus.romero@sjsu.edu,Uzwumzw89,student
elijah.medina@sjsu.edu,mtqripA@H;,student
robin.morales@sjsu.edu,zwjqvu8<,student
scott.watson@sjsu.edu,[i|{wv88,student
john.little@sjsu.edu,tq||tm89),student
catherine.sutton@sjsu.edu,K{}||wv8<,student
ashley.lee@sjsu.edu,tmm+?,student
shannon.knight@sjsu.edu,svqop|+?,student
kim.thompson@sjsu.edu,squ|A=,student
anna.coleman@sjsu.edu,ivviA?+?,student
omar.scott@sjsu.edu,wuizA?H;,student
connor.anderson@sjsu.edu,kwvvwz8<)>,student
jonathan.coleman@sjsu.edu,RkwtmuivA>,student
brandon.hernandez@sjsu.edu,pmzvivlmA?),student
taylor.jimenez@sjsu.edu,|itwzA=):,student
ella.ryan@sjsu.edu,zivA=),student
christopher.gordon@sjsu.edu,owzlwvA=),student
alisha.stanley@sjsu.edu,itq{pi{8;,student
kiara.graham@sjsu.edu,Sozipiu89,student
trevor.aguilar@sjsu.edu,|zm~wzA?H;,student
philip.stephens@sjsu.edu,X{|mxpmv{8:,student
ian.rodriguez@sjsu.edu,zwlzqo}mA>),student
james.phillips@sjsu.edu,xpqttqx{+<,student
anthony.james@sjsu.edu,rium{)>,student
ali.zimmerman@sjsu.edu,itqA?+=,student
christina.jenkins@sjsu.edu,rmvsqv{H@,student
tina.evans@sjsu.edu,|qviA@):,student
paul.sanders@sjsu.edu,X{ivlmz{AA,student
felix.jones@sjsu.edu,Nrwvm{A>,student
shannon.gibson@sjsu.edu,oqj{wvA?),student
scott.king@sjsu.edu,[sqvo89,student
tina.wright@sjsu.edu,\zqop|89,student
wesley.park@sjsu.edu,xizsA@),student
gabriel.hall@sjsu.edu,pitt)>,student
fiona.medina@sjsu.edu,umlqviAA),student
chad.hunter@sjsu.edu,kpilpA@,student
faith.brooks@sjsu.edu,niq|pjA?,student
sharon.nichols@sjsu.edu,vqkpwt{A=),student
riley.foster@sjsu.edu,zqtmnA>,student
grace.cunningham@sjsu.edu,k}vvqvopiuH@,student
mario.murray@sjsu.edu,Uu}zzi89,student
oscar.hall@sjsu.edu,pittA?),student
dylan.armstrong@sjsu.edu,ltiviA=,student
carlos.diaz@sjsu.edu,kiztw{l88,student
maya.allen@sjsu.edu,uiiiA=,student
sophia.jimenez@sjsu.edu,{wxpqir8:,student
ryan.hill@sjsu.edu,ZpqttA>,student
felix.diaz@sjsu.edu,lqi88),student
jordan.diaz@sjsu.edu,rwzlivlA?,student
william.perez@sjsu.edu,xmzm)A,student
mario.lewis@sjsu.edu,tmq{8<),student
lisa.freeman@sjsu.edu,nzmmuiv):,student
spencer.king@sjsu.edu,sqvoA?),student
leo.gordon@sjsu.edu,tmw89+?,student
brianna.ellis@sjsu.edu,mttq{+<,student
dean.warren@sjsu.edu,izzmvA>),student
brooke.robinson@sjsu.edu,Jzwjqv{wv8;,student
crystal.nichols@sjsu.edu,vqkpwt{+<,student
layla.kim@sjsu.edu,squA?),student
charles.matthews@sjsu.edu,kpiztm{u89,student
maya.kim@sjsu.edu,squ)A,student
garrett.boyd@sjsu.edu,OjwlAA,student
derek.turner@sjsu.edu,|}zvmz88),student
yasmine.morales@sjsu.edu,uwzitm{H;,student
sofia.howard@sjsu.edu,pwizlH;,student
jeff.perez@sjsu.edu,rmnnA@H;,student
reina.matthews@sjsu.edu,ui||pm{A=),student
isabel.coleman@sjsu.edu,QkwtmuivA?,student
zoe.ramirez@sjsu.edu,wmzA?,student
caroline.matthews@sjsu.edu,Kui||pm{A>,student
natalie.ryan@sjsu.edu,vi|itqmzA@,student
joseph.vargas@sjsu.edu,rw{mxp~A?,student
josh.morales@sjsu.edu,uwzitm{+=,student
valeria.warren@sjsu.edu,~itmzqiAA+?,student
javier.black@sjsu.edu,ri~qmzAA+=,student
todd.harris@sjsu.edu,\pizzq{A?,student
rosa.fisher@sjsu.edu,Znq{pmzA=,student
zachary.brown@sjsu.edu,bjzwvA@,student
sara.baker@sjsu.edu,jismz8;),student
matt.ahmed@sjsu.edu,ipuml+=,student
aaron.kaur@sjsu.edu,Isi}zA?,student
megan.king@sjsu.edu,Usqvo8;,student
chris.sanchez@sjsu.edu,kpzq{A=+<,student
jake.brown@sjsu.edu,rism8:H@,student
jeremy.mckinney@sjsu.edu,Ruksqvvm8;,student
cole.peterson@sjsu.edu,xm|mz{wvA=),student
daniela.cooper@sjsu.edu,Lkwwxmz8:,student
olivia.kumar@sjsu.edu,Ws}uizAA,student
ayasha.murray@sjsu.edu,ii{piA>)>,student
derek.parker@sjsu.edu,lmzms89)>,student
hayley.green@sjsu.edu,pitmA@)A,student
austin.wells@sjsu.edu,Imtt{88,student
kate.lawrence@sjsu.edu,si|mt8<,student
susan.stevens@sjsu.edu,{|m~mv{AA),student
wesley.butler@sjsu.edu,m{tmA?+<,student
emily.andrews@sjsu.edu,ivlzm{88),student
matt.bailey@sjsu.edu,UjiqtmA?,student
samantha.roberts@sjsu.edu,{iuiv|piAA+<,student
kevin.gomez@sjsu.edu,owumA=),student
valeria.ortega@sjsu.edu,~itmzqiw8;,student
casey.owens@sjsu.edu,wmv{89),student
olivia.collins@sjsu.edu,Wkwttqv{A?,student
sandra.stewart@sjsu.edu,{|miz|8:),student
carmen.ferguson@sjsu.edu,Knmzo}{wvA=,student
michael.gibson@sjsu.edu,oqj{wv88),student
christina.johnson@sjsu.edu,rwpv{wv89),student
susan.robinson@sjsu.edu,zwjqv{wvH;,student
dillon.miller@sjsu.edu,uqttmz+=,student
victor.morris@sjsu.edu,uwzzq{+<,student
chanel.young@sjsu.edu,w}vo)>,student
luke.mendoza@sjsu.edu,umvlwi)A,student
jonathan.chavez@sjsu.edu,rwvi|piv8<H;,student
melissa.campbell@sjsu.edu,kiuxjmttA=),student
christine.ortiz@sjsu.edu,kpzq{|qvmwAA,student
evelyn.mitchell@sjsu.edu,uq|kpmtt+?,student
samantha.hawkins@sjsu.edu,{iuiv|pipA?,student
samantha.kumar@sjsu.edu,[s}uiz8<,student
samuel.henderson@sjsu.edu,{iu}mtpA@,student
tiffany.alvarez@sjsu.edu,it~izm)>,student
john.gray@sjsu.edu,rwpvA?H@,student
john.nguyen@sjsu.edu,Rvo}mv8:,student
amy.hunt@sjsu.edu,Ip}v|A=,student
abby.grant@sjsu.edu,Ioziv|8<,student
teresa.spencer@sjsu.edu,\{xmvkmzA>,student
michelle.fisher@sjsu.edu,uqkpmttmn8<,student
luna.mendoza@sjsu.edu,umvlwiA?),student
carlos.kelly@sjsu.edu,KsmttAA,student
brianna.lane@sjsu.edu,Jtivm8;,student
spencer.ahmed@sjsu.edu,{xmvkmziA=,student
anna.shaw@sjsu.edu,{piH;,student
jromero@sjsu.edu,rwpvA=+?,student
hannah.ortega@sjsu.edu,wz|moi+=,student
joel.price@sjsu.edu,rwmtA@+=,student
peter.jones@sjsu.edu,xm|mzr88,student
rachel.johnson@sjsu.edu,rwpv{wvA@),student
anna.boyd@sjsu.edu,jwlH;,student
julia.reyes@sjsu.edu,r}tqiA@)>,student
daniel.chen@sjsu.edu,kpmv8;),student
charlotte.meyer@sjsu.edu,KummzA?,student
trevor.spencer@sjsu.edu,|zm~wz89+?,student
ivan.holmes@sjsu.edu,pwtum{)A,student
amir.jenkins@sjsu.edu,iuqzr8:,student
jack.allen@sjsu.edu,riksiAA,student
megan.wilson@sjsu.edu,qt{wv)A,student
jasmine.nelson@sjsu.edu,ri{uqvmvAA,student
ana.hayes@sjsu.edu,ivip8;,student
dean.sanchez@sjsu.edu,{ivkpm8<),student
morgan.wood@sjsu.edu,wwl88),student
emma.lee@sjsu.edu,tmmA=),student
hailey.kennedy@sjsu.edu,smvvml8;),student
fiona.crawford@sjsu.edu,kzinwzl89),student
dominic.edwards@sjsu.edu,lwuqvqkA?+?,student
chad.miller@sjsu.edu,uqttmzA?),student
adam.gomez@sjsu.edu,owum+=,student
cameron.torres@sjsu.edu,kiumzwv89+=,student
sara.palmer@sjsu.edu,[xitumz8;,student
isabella.james@sjsu.edu,rium{)A,student
kate.gutierrez@sjsu.edu,So}|qmzzmA=,student
brandon.baker@sjsu.edu,Jjismz88,student
miguel.mcdonald@sjsu.edu,Uuklwvitl8:,student
hassan.arnold@sjsu.edu,izvwtl88),student
stephanie.nichols@sjsu.edu,[vqkpwt{8:,student
tyler.bradley@sjsu.edu,\jziltmA=,student
casey.butler@sjsu.edu,j}|tmz8:),student
zachary.bailey@sjsu.edu,jiqtm89),student
linda.castro@sjsu.edu,Tki{|zwA@,student
isabella.kelly@sjsu.edu,Qsmtt8:,student
derek.castillo@sjsu.edu,ki{|qttw89),student
justin.jones@sjsu.edu,Rrwvm{A=,student
anthony.ross@sjsu.edu,iv|pwvzA?,student
elijah.torres@sjsu.edu,mtqrip|AA,student
claudia.vasquez@sjsu.edu,~i{y}mAA),student
nora.cole@sjsu.edu,kwtm+?,student
peter.bradley@sjsu.edu,xm|mzj89,student
janet.ellis@sjsu.edu,Rmttq{8<,student
matt.sanchez@sjsu.edu,ui||8;):,student
claire.wright@sjsu.edu,zqop|)A,student
nicholas.chavez@sjsu.edu,vqkpwti{k8<,student
liam.long@sjsu.edu,twvo):,student
shelby.murphy@sjsu.edu,u}zxp89),student
grace.kelly@sjsu.edu,ozikms89,student
jamie.wood@sjsu.edu,Rwwl8:,student
gary.bishop@sjsu.edu,jq{pwx88),student
mary.edwards@sjsu.edu,uizA@)>,student
aria.henderson@sjsu.edu,Ipmvlmz{wv8;,student
jade.cruz@sjsu.edu,Rkz}AA,student
alicia.bishop@sjsu.edu,Ijq{pwxA>,student
taylor.gibson@sjsu.edu,oqj{wvA?),student
mike.lawrence@sjsu.edu,UtizmvkmA?,student
claire.lopez@sjsu.edu,ktiqzmt8<,student
bianca.vargas@sjsu.edu,jqivki~89,student
logan.mason@sjsu.edu,twoivAA)A,student
nathan.stewart@sjsu.edu,V{|miz|8<,student
lauren.crawford@sjsu.edu,ti}zmvkA=,student
mario.mills@sjsu.edu,uqtt{+<,student
samantha.vasquez@sjsu.edu,[~i{y}m8;,student
janet.powell@sjsu.edu,xwmttH;,student
ana.porter@sjsu.edu,ivixA@,student
fatima.castillo@sjsu.edu,ni|qui8;+<,student
chanel.reed@sjsu.edu,kpivmt8<)A,student
richard.white@sjsu.edu,zqkpizlA@H;,student
colin.reed@sjsu.edu,kwtqvz8<,student
layla.white@sjsu.edu,pq|m8<),student
jonathan.maxwell@sjsu.edu,uimttA@),student
matthew.kaur@sjsu.edu,Usi}z8;,student
carlos.scott@sjsu.edu,kiztw{88):,student
cameron.king@sjsu.edu,sqvoH;,student
elijah.holmes@sjsu.edu,mtqrippA>,student
yasmine.cruz@sjsu.edu,kz}):,student
ethan.cruz@sjsu.edu,m|piv8;H@,student
christina.gardner@sjsu.edu,Koizlvmz8;,student
ana.adams@sjsu.edu,Iiliu{A=,student
layla.bryant@sjsu.edu,jziv|8:),student
serena.grant@sjsu.edu,{mzmviA?+?,student
tina.wood@sjsu.edu,|qviA@,student
casey.carter@sjsu.edu,Kkiz|mzA=,student
ayasha.patterson@sjsu.edu,xi||mz{wvA?),student
oscar.hughes@sjsu.edu,w{kizAA+?,student
fatima.long@sjsu.edu,Ntwvo8;,student
ella.medina@sjsu.edu,umlqvi):,student
todd.gordon@sjsu.edu,|wlloA=,student
robin.jordan@sjsu.edu,zwjqv88H@,student
paula.anderson@sjsu.edu,xi}tiiA>,student
charles.flores@sjsu.edu,ntwzm{+=,student
leon.cole@sjsu.edu,Tkwtm8:,student
brian.ramirez@sjsu.edu,ziuqzm)A,student
stephanie.mendez@sjsu.edu,[umvlm89,student
valeria.alvarez@sjsu.edu,it~izmA?),student
eva.chen@sjsu.edu,Mkpmv89,student
ryan.freeman@sjsu.edu,ZnzmmuivA@,student
monica.gray@sjsu.edu,ozi8:),student
samuel.watson@sjsu.edu,[i|{wv8:,student
juliana.bailey@sjsu.edu,r}tqivi8:H;,student
daniel.hunter@sjsu.edu,Lp}v|mz89,student
kate.webb@sjsu.edu,mjj88),student
sydney.jones@sjsu.edu,[rwvm{A@,student
brooke.jackson@sjsu.edu,riks{wv88),student
tyler.ryan@sjsu.edu,zivA?),student
cameron.matthews@sjsu.edu,kiumzwvu8;,student
holly.park@sjsu.edu,PxizsA=,student
alicia.kennedy@sjsu.edu,smvvml89),student
elizabeth.rivera@sjsu.edu,mtqijm|p8:H@,student
megan.cole@sjsu.edu,kwtmH;,student
shelby.stephens@sjsu.edu,{|mxpmv{)A,student
luna.stephens@sjsu.edu,{|mxpmv{)>,student
henry.morrison@sjsu.edu,Puwzzq{wv8:,student
angel.ferguson@sjsu.edu,ivomt8<)>,student
carmen.cook@sjsu.edu,kwws8<),student
amy.anderson@sjsu.edu,ivlmz{wvA>),student
robert.romero@sjsu.edu,Zzwumzw88,student
andrea.meyer@sjsu.edu,ummz+<,student
molly.peterson@sjsu.edu,Uxm|mz{wvA?,student
eva.morris@sjsu.edu,m~iA>)>,student
miles.cox@sjsu.edu,kw):,student
colin.armstrong@sjsu.edu,kwtqviA?,student
janet.kim@sjsu.edu,rivm|89H@,student
logan.harris@sjsu.edu,twoivp8<,student
james.thomas@sjsu.edu,rium{|A>,student
hassan.snyder@sjsu.edu,pi{{ivAA)>,student
gavin.ortiz@sjsu.edu,wz|q+<,student
jeremy.jackson@sjsu.edu,riks{wv88),student
maria.lopez@sjsu.edu,Utwxm8:,student
eric.cole@sjsu.edu,mzqkA>H@,student
patrick.williams@sjsu.edu,xi|zqksAA,student
jack.nguyen@sjsu.edu,riksv88,student
holly.ward@sjsu.edu,pwttA=+?,student
shelby.davis@sjsu.edu,li~q{AA),student
jake.mckinney@sjsu.edu,Ruksqvvm8:,student
lauren.ross@sjsu.edu,ti}zmvA>+?,student
fiona.freeman@sjsu.edu,nzmmuiv+?,student
vincent.ramirez@sjsu.edu,~qvkmv|zA>,student
stephanie.morris@sjsu.edu,[uwzzq{A?,student
daniel.aguilar@sjsu.edu,Lio}qtiz89,student
linda.stephens@sjsu.edu,tqvliA>H;,student
teresa.owens@sjsu.edu,|mzm{i8;+?,student
javier.bell@sjsu.edu,ri~qmz8;+<,student
sara.williams@sjsu.edu,{iziA?+=,student
blake.reid@sjsu.edu,zmql8:),student
susan.warren@sjsu.edu,[izzmvA@,student
amy.henderson@sjsu.edu,pmvlmz{wv+<,student
ava.sullivan@sjsu.edu,i~i{89,student
diana.wilson@sjsu.edu,lqivi88H@,student
alisha.meyer@sjsu.edu,ummzH;,student
adam.shaw@sjsu.edu,{piAA),student
sofia.gutierrez@sjsu.edu,{wnqiA?H@,student
maria.smith@sjsu.edu,{uq|p)A,student
sydney.gardner@sjsu.edu,oizlvmz88),student
paula.mckinney@sjsu.edu,xi}tiu8<,student
laura.peterson@sjsu.edu,ti}zixA=,student
greg.long@sjsu.edu,twvo88),student
brian.price@sjsu.edu,xzqkm8:),student
christina.ellis@sjsu.edu,mttq{):,student
maya.wright@sjsu.edu,zqop|)A,student
mary.arnold@sjsu.edu,uiziA@,student
linda.turner@sjsu.edu,|}zvmz8<),student
paul.lopez@sjsu.edu,xi}tt88,student
grace.harris@sjsu.edu,pizzq{)A,student
andre.reed@sjsu.edu,ivlzmz89,student
jayden.patel@sjsu.edu,rilmvA=+?,student
justin.jenkins@sjsu.edu,rmvsqv{+=,student
michelle.vasquez@sjsu.edu,uqkpmttmA=+<,student
katherine.butler@sjsu.edu,j}|tmz)A,student
ava.patel@sjsu.edu,xi|mtAA),student
tyler.torres@sjsu.edu,|tmz|A?,student
nicholas.graham@sjsu.edu,vqkpwti{oA?,student
mary.rodriguez@sjsu.edu,Uzwlzqo}mA>,student
jose.mills@sjsu.edu,uqtt{)>,student
denise.moore@sjsu.edu,Luwwzm8;,student
luis.aguilar@sjsu.edu,io}qtiz8<),student
garrett.hall@sjsu.edu,oizzm||p88,student
james.evans@sjsu.edu,m~iv{+=,student
maria.zimmerman@sjsu.edu,quumzuivA@),student
elena.peterson@sjsu.edu,mtmvi8;+=,student
blake.castro@sjsu.edu,jtismkA@,student
isaac.harris@sjsu.edu,pizzq{8:),student
felix.jackson@sjsu.edu,riks{wv+?,student
jake.sanders@sjsu.edu,{ivlmz{AA),student
jason.bishop@sjsu.edu,jq{pwxH;,student
jose.berg@sjsu.edu,rw{mjA>,student
ryan.miller@sjsu.edu,uqttmzA@),student
nathan.young@sjsu.edu,w}vo+<,student
diego.rogers@sjsu.edu,zwomz{)>,student
julian.palmer@sjsu.edu,RxitumzA=,student
james.mitchell@sjsu.edu,rium{u8;,student
jacob.palmer@sjsu.edu,rikwjA@)A,student
dominic.watson@sjsu.edu,i|{wvAA),student
katherine.perry@sjsu.edu,xmzz+<,student
jason.chavez@sjsu.edu,kpi~m8<),student
shannon.powell@sjsu.edu,[xwmttAA,student
dillon.bailey@sjsu.edu,lqttwvj8;,student
brenda.gordon@sjsu.edu,owzlwv+<,student
carmen.jackson@sjsu.edu,Kriks{wvAA,student
cynthia.bennett@sjsu.edu,jmvvm||H@,student
morgan.cox@sjsu.edu,kw+?,student
sean.zimmerman@sjsu.edu,quumzuiv):,student
courtney.vasquez@sjsu.edu,~i{y}m8;),student
monica.little@sjsu.edu,uwvqkit8<,student
nicole.scott@sjsu.edu,vqkwtm{8<,student
miguel.castro@sjsu.edu,ki{|zwH@,student
leslie.patterson@sjsu.edu,Txi||mz{wvAA,student
logan.martinez@sjsu.edu,Tuiz|qvm88,student
luke.davis@sjsu.edu,t}sm88+?,student
hunter.anderson@sjsu.edu,Pivlmz{wv8:,student
greg.robinson@sjsu.edu,Ozwjqv{wv8:,student
monica.james@sjsu.edu,rium{89),student
nora.brooks@sjsu.edu,Vjzwws{A>,student
michael.green@sjsu.edu,uqkpimtoA?,student
faith.anderson@sjsu.edu,niq|piA@,student
alicia.anderson@sjsu.edu,Iivlmz{wvA>,student
david.phillips@sjsu.edu,xpqttqx{88),student
ashley.reed@sjsu.edu,i{ptm89+?,student
denise.collins@sjsu.edu,kwttqv{+=,student
lisa.martinez@sjsu.edu,tq{iu8<,student
vincent.berg@sjsu.edu,~qvkmv|jA=,student
steven.stevens@sjsu.edu,{|m~mv{)A,student
fatima.ortega@sjsu.edu,ni|quiw8;,student
thomas.walsh@sjsu.edu,it{p88),student
christopher.dixon@sjsu.edu,kpzq{|wxpmz8:):,student
colin.lopez@sjsu.edu,twxm+=,student
nicole.mendez@sjsu.edu,vqkwtmu89,student
kyle.white@sjsu.edu,pq|m8<),student
kristen.young@sjsu.edu,Sw}vo89,student
jeff.robinson@sjsu.edu,zwjqv{wv8;),student
linda.baker@sjsu.edu,jismzH;,student
noah.gibson@sjsu.edu,Voqj{wv8:,student
logan.johnson@sjsu.edu,Trwpv{wv89,student
kayla.ward@sjsu.edu,SizlA@,student
anthony.cruz@sjsu.edu,kz}8:),student
hunter.gibson@sjsu.edu,p}v|mzo88,student
sean.clark@sjsu.edu,ktizs+<,student
kim.freeman@sjsu.edu,SnzmmuivAA,student
valeria.chen@sjsu.edu,kpmv):,student
ava.singh@sjsu.edu,i~iA@+=,student
fiona.johnson@sjsu.edu,Nrwpv{wvA>,student
sharon.ross@sjsu.edu,{pizwvA@+<,student
isabella.mills@sjsu.edu,uqtt{8<),student
michelle.thomas@sjsu.edu,uqkpmttm|88,student
zachary.evans@sjsu.edu,m~iv{A>),student
connor.reyes@sjsu.edu,zmm{88),student
hannah.hawkins@sjsu.edu,Ppisqv{89,student
aiden.perez@sjsu.edu,iqlmv89+?,student
timothy.vargas@sjsu.edu,|quw|p~A=,student
mark.adams@sjsu.edu,uizsi88,student
adam.burns@sjsu.edu,j}zv{)A,student
ivan.gomez@sjsu.edu,owumA?),student
amir.chavez@sjsu.edu,kpi~m+=,student
morgan.taylor@sjsu.edu,uwzoiv|A=,student
mromero@sjsu.edu,zwumzw):,student
mario.phillips@sjsu.edu,xpqttqx{A>),student
richard.jordan@sjsu.edu,zqkpizlr88,student
teresa.kim@sjsu.edu,|mzm{isAA,student
diego.bennett@sjsu.edu,lqmowj8<,student
heather.morris@sjsu.edu,pmi|pmzuA?,student
nadia.harrison@sjsu.edu,Vpizzq{wv8<,student
ashley.crawford@sjsu.edu,i{ptmk88,student
nathan.sanchez@sjsu.edu,{ivkpmA=),student
laura.diaz@sjsu.edu,TlqiA=,student
henry.perez@sjsu.edu,xmzm8;),student
ashley.patterson@sjsu.edu,Ixi||mz{wvAA,student
leslie.green@sjsu.edu,tm{tqm8:):,student
ian.vargas@sjsu.edu,Q~izoi{8;,student
sarah.andrews@sjsu.edu,ivlzm{8<),student
isaac.zimmerman@sjsu.edu,q{iik8;+?,student
julian.rogers@sjsu.edu,r}tqivA?+<,student
hayley.singh@sjsu.edu,pitm{8:,student
samuel.mills@sjsu.edu,{iu}mt8:)A,student
garrett.jenkins@sjsu.edu,Ormvsqv{8;,student
kim.harrison@sjsu.edu,squ8:H@,student
chris.mendoza@sjsu.edu,umvlwi8:),student
riley.andrews@sjsu.edu,zqtm8;+?,student
alicia.allen@sjsu.edu,itqkqi8;)A,student
sophia.nguyen@sjsu.edu,vo}mv+?,student
mark.burns@sjsu.edu,uizs8;)>,student
noah.hunt@sjsu.edu,p}v|+=,student
chelsea.bell@sjsu.edu,KjmttA@,student
timothy.young@sjsu.edu,|quw|pA>,student
angela.lewis@sjsu.edu,Itmq{AA,student
felix.west@sjsu.edu,nmtq8:):,student
oscar.stone@sjsu.edu,w{kizAA):,student
dylan.long@sjsu.edu,twvo):,student
erica.mitchell@sjsu.edu,mzqkiA?):,student
ivan.turner@sjsu.edu,Q|}zvmzA>,student
riley.ortiz@sjsu.edu,zqtmA>H;,student
scott.lane@sjsu.edu,[tivmA=,student
nathaniel.boyd@sjsu.edu,vi|pivqmtj8:,student
emily.castro@sjsu.edu,muqtkA?,student
teresa.arnold@sjsu.edu,\izvwtlA>,student
cynthia.davis@sjsu.edu,li~q{+?,student
victor.mason@sjsu.edu,~qk|wz8;)A,student
adam.ortega@sjsu.edu,iliuw8<,student
noah.perry@sjsu.edu,xmzz):,student
rachel.rodriguez@sjsu.edu,zikpmtzA?,student
luna.ramirez@sjsu.edu,Tziuqzm8:,student
diego.collins@sjsu.edu,lqmowkA=,student
shannon.ramirez@sjsu.edu,{pivvwvA@H@,student
cameron.vasquez@sjsu.edu,~i{y}mAA),student
dylan.ortiz@sjsu.edu,wz|q88),student
vincent.kumar@sjsu.edu,~qvkmv|sA>,student
victoria.matthews@sjsu.edu,ui||pm{8:),student
chelsea.edwards@sjsu.edu,Kmlizl{A?,student
andrea.webb@sjsu.edu,mjj8<),student
sara.patel@sjsu.edu,xi|mt)A,student
janet.reyes@sjsu.edu,rivm|A?H;,student
kevin.snyder@sjsu.edu,S{vlmz8:,student
aria.sutton@sjsu.edu,{}||wv+?,student
christine.perry@sjsu.edu,xmzzAA),student
megan.garcia@sjsu.edu,Uoizkqi8<,student
arjun.fox@sjsu.edu,izr}vnA=,student
isabel.chen@sjsu.edu,kpmvAA),student
liam.rivera@sjsu.edu,zq~mzi+?,student
nadia.morrison@sjsu.edu,Vuwzzq{wvAA,student
serena.martin@sjsu.edu,uiz|qv):,student
abby.ward@sjsu.edu,izl8:),student
eric.bradley@sjsu.edu,Mjziltm8<,student
kyle.mendez@sjsu.edu,SumvlmA>,student
taylor.hayes@sjsu.edu,pim{+?,student
jayden.parker@sjsu.edu,xizsmz):,student
bianca.sullivan@sjsu.edu,{}ttq~ivA@),student
julia.lawrence@sjsu.edu,tizmvkmH@,student
isaac.reynolds@sjsu.edu,q{iikz88,student
melissa.fisher@sjsu.edu,nq{pmz+?,student
sierra.black@sjsu.edu,jtiksA?),student
luis.harrison@sjsu.edu,pizzq{wvA=),student
diana.barnes@sjsu.edu,jizvm{8;),student
nora.flores@sjsu.edu,vwzi8;+<,student
jessica.hunt@sjsu.edu,Rp}v|89,student
hannah.mccarthy@sjsu.edu,ukkiz|pH;,student
natalie.sullivan@sjsu.edu,{}ttq~iv)>,student
monica.crawford@sjsu.edu,kzinwzl):,student
paul.hawkins@sjsu.edu,xi}t8:):,student
brian.webb@sjsu.edu,jzqiv88H;,student
ashley.parker@sjsu.edu,i{ptm8<)A,student
olivia.miller@sjsu.edu,uqttmzH@,student
elena.davis@sjsu.edu,mtmvil8:,student
joseph.barnes@sjsu.edu,Rjizvm{8;,student
lily.spencer@sjsu.edu,{xmvkmzA@),student
joel.flores@sjsu.edu,ntwzm{88),student
isaiah.hunt@sjsu.edu,q{iqipA=)>,student
isaiah.black@sjsu.edu,jtiks8:),student
kelly.morales@sjsu.edu,smttuAA,student
omar.bradley@sjsu.edu,jziltm8<),student
brianna.brown@sjsu.edu,jzwv)A,student
lisa.crawford@sjsu.edu,kzinwzl8;),student
catherine.kelly@sjsu.edu,KsmttA>,student
matthew.freeman@sjsu.edu,nzmmuiv+?,student
nadia.price@sjsu.edu,xzqkmA=),student
linda.ortiz@sjsu.edu,wz|q8;),student
kayla.morales@sjsu.edu,Suwzitm{AA,student
brooke.shaw@sjsu.edu,jzwwsm{8:,student
laura.armstrong@sjsu.edu,ti}zi89+=,student
grant.cole@sjsu.edu,oziv|k8<,student
brandon.cox@sjsu.edu,jzivlwvk89,student
karen.kennedy@sjsu.edu,sizmv88+=,student
rachel.carter@sjsu.edu,Zkiz|mz89,student
gavin.warren@sjsu.edu,izzmv8;),student
jake.snyder@sjsu.edu,rism{8;,student
joel.cook@sjsu.edu,kwws8<),student
harley.sanders@sjsu.edu,P{ivlmz{A>,student
cole.martin@sjsu.edu,kwtmuA@,student
rachel.park@sjsu.edu,xizs)A,student
gary.medina@sjsu.edu,umlqviH@,student
william.coleman@sjsu.edu,kwtmuiv+?,student
christopher.stanley@sjsu.edu,{|ivtm8;),student
fiona.armstrong@sjsu.edu,Nizu{|zwvoAA,student
jonathan.fisher@sjsu.edu,nq{pmz8;),student
amir.berg@sjsu.edu,Ijmzo8:,student
ava.palmer@sjsu.edu,i~i8;+=,student
philip.stanley@sjsu.edu,xpqtqx{89,student
kaitlyn.parker@sjsu.edu,xizsmz+<,student
ali.burns@sjsu.edu,j}zv{8:),student
molly.young@sjsu.edu,w}voH@,student
lisa.rivera@sjsu.edu,Tzq~mzi89,student
morgan.gutierrez@sjsu.edu,o}|qmzzmA@),student
amy.alvarez@sjsu.edu,it~izmH;,student
david.white@sjsu.edu,li~qlAA,student
sebastian.hayes@sjsu.edu,pim{H@,student
kyle.nichols@sjsu.edu,vqkpwt{8;),student
nathan.smith@sjsu.edu,vi|piv88+<,student
caroline.chavez@sjsu.edu,Kkpi~mA?,student
echen@sjsu.edu,m~iA@+<,student
connor.sanchez@sjsu.edu,{ivkpm88),student
kelly.martinez@sjsu.edu,smttA@):,student
jeremy.price@sjsu.edu,xzqkmAA),student
jason.white@sjsu.edu,Rpq|m88,student
mike.gonzalez@sjsu.edu,owvitmH;,student
madison.campbell@sjsu.edu,uilq{wv88):,student
aiden.mason@sjsu.edu,ui{wv)A,student
serena.morgan@sjsu.edu,uwzoiv8;),student
matthew.wells@sjsu.edu,mtt{+?,student
rebecca.kumar@sjsu.edu,s}uiz8:),student
luke.graham@sjsu.edu,t}sm8<+<,student
sean.hamilton@sjsu.edu,piuqt|wv88),student
anna.robinson@sjsu.edu,zwjqv{wv)>,student
eric.dixon@sjsu.edu,lqwv+?,student
rosa.roberts@sjsu.edu,zw{iz8:,student
gabriel.cox@sjsu.edu,oijzqmtkA=,student
greg.morgan@sjsu.edu,uwzoivA>),student
teresa.king@sjsu.edu,sqvo8:),student
hunter.porter@sjsu.edu,xwz|mzH@,student
denise.ross@sjsu.edu,lmvq{m8<H@,student
dean.martin@sjsu.edu,lmivu89,student
jason.porter@sjsu.edu,ri{wvxAA,student
arjun.cunningham@sjsu.edu,k}vvqvopiu+=,student
william.butler@sjsu.edu,j}|tmz)A,student
chris.pierce@sjsu.edu,Kxqmzkm89,student
samuel.hernandez@sjsu.edu,pmzvivlmH@,student
isaiah.burns@sjsu.edu,j}zv{A?),student
sarah.james@sjsu.edu,{izipA>+?,student
jamie.hall@sjsu.edu,RpittA>,student
alisha.perry@sjsu.edu,itq{piA=)>,student
william.owens@sjsu.edu,qttqiu8;)A,student
janet.shaw@sjsu.edu,rivm|AA+?,student
jacob.phillips@sjsu.edu,rikwjA?+<,student
gregory.holmes@sjsu.edu,pwtum{+=,student
patrick.aguilar@sjsu.edu,xi|zqksAA)>,student
layla.mason@sjsu.edu,ui{wv8:),student
angela.hall@sjsu.edu,pitt+=,student
ian.bryant@sjsu.edu,jziv|8;),student
trevor.stanley@sjsu.edu,\{|ivtm8:,student
ricardo.gonzalez@sjsu.edu,owvitm8;),student
sofia.mckinney@sjsu.edu,{wnqiuA>,student
gary.bradley@sjsu.edu,jziltm+<,student
kayla.mendoza@sjsu.edu,sitiu88,student
caroline.davis@sjsu.edu,li~q{A>),student
gabriela.mccarthy@sjsu.edu,oijzqmtiu8:,student
joel.arnold@sjsu.edu,izvwtl8:),student
tiffany.mcdonald@sjsu.edu,|qnnivu8:,student
jamie.hawkins@sjsu.edu,riuqm8:H;,student
dominic.hughes@sjsu.edu,Lp}opm{89,student
madison.jenkins@sjsu.edu,rmvsqv{89),student
jayden.kaur@sjsu.edu,Rsi}zAA,student
julian.bradley@sjsu.edu,r}tqivjA=,student
jennifer.fisher@sjsu.edu,nq{pmzA>),student
miranda.garcia@sjsu.edu,Uoizkqi8:,student
paula.ward@sjsu.edu,izl+<,student
holly.warren@sjsu.edu,izzmvH@,student
catherine.james@sjsu.edu,rium{A@),student
angel.fox@sjsu.edu,ivomtnA=,student
gregory.burns@sjsu.edu,Oj}zv{A@,student
heather.ahmed@sjsu.edu,pmi|pmz89):,student
leo.richardson@sjsu.edu,tmw8<+<,student
kyle.smith@sjsu.edu,{uq|p):,student
kaitlyn.ross@sjsu.edu,zw{{+<,student
kim.snyder@sjsu.edu,squA@)>,student
miles.patterson@sjsu.edu,Uxi||mz{wv88,student
jessica.kaur@sjsu.edu,si}z88),student
hassan.sanchez@sjsu.edu,pi{{ivA?):,student
abby.vargas@sjsu.edu,~izoi{H@,student
isaac.hill@sjsu.edu,pqtt8:),student
miranda.brooks@sjsu.edu,uqzivliA=H;,student
elijah.smith@sjsu.edu,{uq|p)A,student
colin.foster@sjsu.edu,kwtqvA=+?,student
julia.jimenez@sjsu.edu,RrqumvmA?,student
garrett.clark@sjsu.edu,OktizsA>,student
victoria.murphy@sjsu.edu,~qk|wzqi8:)>,student
brian.collins@sjsu.edu,jzqiv8;+?,student
scott.ward@sjsu.edu,[izl8;,student
arjun.bryant@sjsu.edu,jziv|AA),student
eva.stone@sjsu.edu,M{|wvmA@,student
lily.ross@sjsu.edu,zw{{A?),student
dominic.castro@sjsu.edu,ki{|zw8:),student
hailey.reynolds@sjsu.edu,Pzmvwtl{8:,student
ryan.reyes@sjsu.edu,zivz89,student
sebastian.kumar@sjsu.edu,s}uizH;,student
klewis@sjsu.edu,Stmq{8<,student
patrick.russell@sjsu.edu,xi|zqks8:+?,student
patrick.griffin@sjsu.edu,ozqnnqvAA),student
zoe.castillo@sjsu.edu,wmA>H@,student
aaron.thompson@sjsu.edu,iizwv8:)A,student
christina.graham@sjsu.edu,KozipiuA@,student
hannah.webb@sjsu.edu,Pmjj8<,student
hunter.lawrence@sjsu.edu,Ptizmvkm89,student
angela.fox@sjsu.edu,nw8<),student
emily.torres@sjsu.edu,|wzzm{)A,student
layla.price@sjsu.edu,titixA=,student
carmen.powell@sjsu.edu,kizumv8<+?,student
claire.west@sjsu.edu,ktiqzm88H;,student
amir.edwards@sjsu.edu,mlizl{8<),student
henry.boyd@sjsu.edu,jwlA>),student
gregory.sutton@sjsu.edu,{}||wvH@,student
adam.gutierrez@sjsu.edu,iliuo8:,student
denise.maxwell@sjsu.edu,uimttA=),student
thomas.patterson@sjsu.edu,|pwui{xAA,student
holly.morrison@sjsu.edu,pwttuA>,student
sierra.allen@sjsu.edu,{qmzzii89,student
javier.hughes@sjsu.edu,ri~qmz8:+?,student
wesley.harris@sjsu.edu,m{tmp8;,student
lisa.kumar@sjsu.edu,tq{isA?,student
kaitlyn.reid@sjsu.edu,SzmqlA@,student
caroline.holmes@sjsu.edu,pwtum{8;),student
todd.phillips@sjsu.edu,xpqttqx{H@,student
violet.garcia@sjsu.edu,~qwtm|oA?,student
christine.gordon@sjsu.edu,kpzq{|qvmA@H;,student
fatima.griffin@sjsu.edu,ni|quio89,student
reina.armstrong@sjsu.edu,izu{|zwvoA@),student
jordan.mason@sjsu.edu,ui{wvH;,student
spencer.barnes@sjsu.edu,{xmvkmzjA@,student
miguel.turner@sjsu.edu,uqo}mt8<H@,student
robin.castillo@sjsu.edu,ki{|qttw88),student
ricardo.martin@sjsu.edu,uiz|qv):,student
sofia.singh@sjsu.edu,{wnqi{89,student
jessica.moore@sjsu.edu,uwwzm8<),student
melissa.butler@sjsu.edu,j}|tmz+<,student
marcus.howard@sjsu.edu,uizk}{pA>,student
diana.reynolds@sjsu.edu,lqivizAA,student
faith.cruz@sjsu.edu,niq|pkAA,student
evelyn.nelson@sjsu.edu,Mvmt{wvA>,student
kristen.howard@sjsu.edu,Spwizl8:,student
thomas.morgan@sjsu.edu,uwzoiv8<),student
angel.stanley@sjsu.edu,ivomtA>)>,student
luna.mckinney@sjsu.edu,uksqvvm+<,student
sharon.berg@sjsu.edu,{pizwvAAH@,student
cole.black@sjsu.edu,jtiksA=),student
tyler.henderson@sjsu.edu,\pmvlmz{wvA?,student
luke.coleman@sjsu.edu,t}smk8<,student
nathaniel.shaw@sjsu.edu,{piA@),student
erica.morrison@sjsu.edu,mzqkiuA?,student
erica.hamilton@sjsu.edu,mzqkip8<,student
miguel.west@sjsu.edu,uqo}mt8<):,student
david.moore@sjsu.edu,uwwzm):,student
vanessa.ahmed@sjsu.edu,^ipuml8:,student
ella.reid@sjsu.edu,mtti8;):,student
ella.russell@sjsu.edu,Mz}{{mttAA,student
ava.lopez@sjsu.edu,twxm89),student
daniela.gibson@sjsu.edu,livqmtiA=H;,student
riley.ryan@sjsu.edu,ziv8:),student
emily.holmes@sjsu.edu,pwtum{)>,student
serena.campbell@sjsu.edu,kiuxjmttH@,student
jose.lane@sjsu.edu,RtivmAA,student
austin.morales@sjsu.edu,uwzitm{)>,student
matt.griffin@sjsu.edu,ozqnnqv+?,student
brenda.barnes@sjsu.edu,jzmvli88+<,student
vincent.wood@sjsu.edu,wwl+=,student
derek.reid@sjsu.edu,lmzms8:H@,student
jasmine.king@sjsu.edu,sqvoH@,student
daniela.howard@sjsu.edu,pwizl8;),student
ana.wilson@sjsu.edu,Iqt{wvA>,student
daisy.martinez@sjsu.edu,Luiz|qvmA@,student
claudia.nichols@sjsu.edu,kti}lqiA@)A,student
leo.rodriguez@sjsu.edu,zwlzqo}m+=,student
claudia.cox@sjsu.edu,kti}lqiA>+?,student
dawn.armstrong@sjsu.edu,izu{|zwvo+<,student
lily.shaw@sjsu.edu,tqt{89,student
julia.richardson@sjsu.edu,Rzqkpizl{wvA=,student
tiffany.meyer@sjsu.edu,ummz8:),student
victoria.pierce@sjsu.edu,~qk|wzqi8;+<,student
kiara.knight@sjsu.edu,sqiziAAH;,student
sandra.fox@sjsu.edu,{ivlzinA=,student
aria.white@sjsu.edu,pq|m8:),student
felix.wood@sjsu.edu,Nwwl8:,student
javier.smith@sjsu.edu,ri~qmzA>)>,student
angel.thomas@sjsu.edu,|pwui{A?),student
faith.hughes@sjsu.edu,Np}opm{A@,student
mark.baker@sjsu.edu,jismz89),student
diego.andrews@sjsu.edu,lqmowi8:,student
jasmine.allen@sjsu.edu,ri{uqvmiAA,student
mario.wright@sjsu.edu,uizqwA@,student
noah.thompson@sjsu.edu,vwip|8;,student
daisy.wells@sjsu.edu,mtt{):,student
